pincode,latitude,longitude
793121,25.4419064,91.6690494
560043,13.0223768,77.6439649
208001,26.4695434,80.3260767
202133,27.9989325,78.502793
560016,13.01969,77.6773774
843331,26.6509555,85.7055983
843330,26.8251943,85.5624459
271865,27.8834024,81.4532635
283204,27.223501,78.2953886
845418,26.6652605,85.1939315
273164,27.4009528,83.4410868
843317,26.8472617,85.580497
431001,19.8602667,75.3223645
843324,26.2231461,85.7110713
201102,28.7556416,77.3251518
121004,28.343289,77.3254256
560068,12.8986856,77.6365787
847108,26.3257282,86.508616
560032,13.0262912,77.5997924
332001,27.615501,75.1620919
812005,25.1953487,86.9800914
143001,31.6372447,74.8770834
122001,28.4681096,77.0376891
201301,28.5475656,77.3871459
110018,28.6375991,77.0830226
477116,26.4247983,78.4418565
475110,25.8875614,78.3328908
483501,23.8308319,80.4075117
110059,28.6187159,77.0530695
845304,26.749,85.13754
736135,26.1205842,89.4632807
226003,26.8635189,80.8984844
733129,25.6414436,88.3277752
782104,26.3070013,92.3635211
783350,26.566333,90.061739
282005,27.2129148,78.0092787
247667,29.8699208,77.888009
201001,28.6608689,77.4240559
201206,28.7288068,77.5074582
782124,26.4409333,92.6281166
431401,19.2611136,76.7758146
782105,26.2463727,92.3298214
793119,25.5536526,91.2017316
845303,26.1035913,84.8771491
782127,26.4203048,92.3323093
201009,28.6436133,77.4331214
783360,26.491924,90.1846823
110086,28.7036078,77.0629407
282001,27.1496485,78.0568407
793150,25.4530297,92.2816056
282010,27.1817504,77.9841236
201002,28.6691915,77.4555694
847421,26.5280962,86.4728045
209801,26.5727248,80.4668938
247001,29.9504823,77.5426947
786602,27.3599945,95.3227294
784509,26.7566889,92.0992906
783390,26.4623325,90.9097259
781354,26.4512041,91.619269
783331,26.0966181,89.9451915
222001,25.7715764,82.7092514
421503,19.1643179,73.2391604
560037,12.9623272,77.6972859
787057,27.3933496,94.3338698
283125,27.1079419,78.2054925
385545,24.495743,72.3021754
283203,27.1574692,78.4026237
474001,26.2007414,78.1579423
783348,26.2649018,90.2203585
786156,27.6974128,95.5728203
524311,14.5964055,79.7561045
560035,12.8979301,77.7009299
209821,26.5249828,80.754934
783101,26.1652341,90.6093559
560036,13.0161532,77.6981648
783334,26.1543378,89.8454274
385310,24.5051195,72.0304819
784110,26.7086834,92.476996
781366,26.5198367,91.7046838
786152,27.6478484,95.6965613
786151,27.5709265,95.555473
271855,28.1151295,81.2800268
385330,24.109072,71.7616596
141007,30.9254676,75.8788052
384265,23.7953537,72.1394727
786171,27.3945708,95.6220491
600069,13.0001119,80.0967722
800001,25.6091102,85.150958
787031,27.256833,94.0632464
783384,26.3316475,90.6902258
783339,26.1790088,89.9553785
390019,22.3029183,73.2326586
263139,29.2095802,79.52996
385001,24.175825,72.4175601
202001,27.8918254,78.0813421
248001,30.3320846,78.0402168
560066,12.9668492,77.7516428
283111,27.0211182,78.3146785
786174,27.4092233,95.7675136
782446,25.9174532,92.9529097
560100,12.8502428,77.6545244
524002,14.4607446,79.9883619
560077,13.0608062,77.6548332
793015,25.4231043,91.9186276
389180,22.996101,74.1777386
283201,27.3190999,78.1942472
363641,22.8118032,70.8319219
492001,21.2387328,81.6511241
273001,26.7502759,83.3751258
282006,27.1897853,78.0449831
203205,28.4529508,77.6966039
281204,27.5575987,77.7916007
845307,26.9222034,84.5278083
494444,18.8084358,80.8261523
815353,24.2315393,86.6631728
389170,23.0917908,74.146602
494447,18.79,80.81
385535,24.2735443,72.0806119
281201,27.8871571,77.6856069
842002,26.1114293,85.3946925
385120,24.1617422,72.7720604
385320,24.0630719,71.5778996
210001,25.4478269,80.4056473
370001,23.2978986,69.6509641
793105,25.8244961,91.992491
784116,26.5529799,92.2038282
781102,26.2310803,91.5606964
473335,24.8427757,77.8006065
273305,27.1313509,83.774903
734010,26.7251239,88.3846899
788831,25.3181745,93.1778036
793112,25.250951,91.6720881
834001,23.3729526,85.3370877
394107,21.2433937,72.8495991
431806,19.149985,77.4646116
473443,24.3826606,78.0429178
785112,26.8350662,94.4132774
362265,20.9221898,70.3585402
421004,19.2107375,73.1615473
784507,26.793939,92.291048
226005,26.8068315,80.9062224
781025,26.1510061,91.7463395
783120,26.0754016,90.483334
843313,26.7396987,85.2768113
364002,21.7743227,72.1509749
793008,25.5946241,91.8952167
785613,26.5296017,93.7810454
782435,26.0049667,92.8535818
843315,26.503,85.51165
844127,25.5320178,85.3668289
440034,21.1010776,79.1187202
384240,23.6926679,71.9067556
425001,21.0044721,75.5558175
390022,22.3322802,73.2212667
431512,19.3347908,77.1521679
413201,18.741788,75.2832068
382721,23.233668,72.5152462
477001,26.4835254,78.7943423
793108,25.2408856,91.7199937
700159,22.6075352,88.4312017
208004,26.4515566,80.3577958
110040,28.8484009,77.0896352
793016,25.5739167,91.8848611
811213,25.2331962,86.554164
782120,26.4406895,92.6840538
560047,12.9567959,77.6165499
797001,25.6714347,94.1030947
343049,24.937548,72.242301
271824,27.5716437,81.4472607
781372,26.6632486,91.3466388
387001,22.6890981,72.8663694
390001,22.3011132,73.2047281
781334,26.4011104,91.425466
141012,30.8841659,75.7909553
387430,22.8235497,72.8793928
786614,27.28,95.24
390020,22.2968692,73.1705383
401209,19.4173258,72.8266732
853204,25.4506416,86.9485175
395004,21.2231432,72.8238635
342301,27.1489193,72.3001052
110003,28.5969214,77.2235225
824231,24.6736885,84.9810978
383422,24.3697565,73.0311194
797112,25.8767771,93.7065561
788005,24.8092065,92.7965014
210121,25.5873505,80.6105874
787055,27.1772549,94.3919422
385555,23.9691228,71.8211087
801505,25.5809661,85.0784447
261505,27.7897857,80.2753695
781011,26.1557411,91.7004966
560029,12.9308405,77.6074782
360022,22.192736,70.7729653
401107,19.2803884,72.8723551
843103,26.2050156,85.5466866
360370,21.7561314,70.6205393
415523,17.9796478,74.4351767
782442,25.9850949,92.9242304
460001,21.885255,77.8832841
782486,25.8626482,92.4879935
783394,26.633388,90.476963
110017,28.5414714,77.2128819
385530,24.190888,72.0342791
410206,18.9942507,73.1144637
786191,27.34,95.35
786610,27.2769362,95.3305205
733134,25.6269526,88.1546047
473101,24.3842746,77.4124688
821106,25.0877229,83.551741
797005,25.5641573,94.1440385
560103,12.9170541,77.6723963
784525,26.5932761,91.9765885
362275,20.862231,70.5364804
328022,26.6380687,77.4151794
795128,24.3434304,93.5984484
845453,26.9932086,84.3279543
431705,19.4891342,77.0388669
208003,26.4608883,80.3261292
343040,24.7785484,72.0869047
208007,26.3237948,80.5266009
781009,26.1654661,91.732942
782439,26.0592246,92.9633661
393001,21.6256681,73.0070457
223104,25.9176854,82.6147937
721517,22.2498929,86.8829006
451001,21.8427138,75.5860891
110085,28.7195133,77.1150401
391152,22.0386024,73.8808727
390009,22.2730733,73.2065965
783330,26.0147906,90.0736069
364001,21.76583,72.1343569
400058,19.1216938,72.8396439
788155,24.6792662,92.5721541
389341,22.6150851,73.7055146
782485,25.9800838,92.7444771
783135,25.7231244,89.9025143
243601,28.0150449,79.1350994
834002,23.3385285,85.3137586
785601,26.1028223,93.8575022
209306,26.6636896,79.8119122
431604,19.1499013,77.3234116
395003,21.2031281,72.8328474
800002,25.5911548,85.1067383
734014,26.6815714,88.3245778
360575,21.6425152,69.6141518
794105,25.6290063,90.0878898
144401,31.2211315,75.7860446
781034,26.1412441,91.7510973
363621,22.6277633,70.9490191
400607,19.2445964,72.9965307
782411,26.2382481,92.1421484
794005,25.4291454,90.2046697
341025,26.9942931,73.3321729
783380,26.4647956,90.5611725
560076,12.8826231,77.6040475
782402,26.1377124,91.9855164
783375,26.6385131,90.3782602
332709,27.5601384,75.5662521
570019,12.3299047,76.6765633
560049,13.0599316,77.7307779
384001,23.6046928,72.3954923
331403,28.4394209,74.4777412
560061,12.9041642,77.539949
473001,24.6849768,77.3441139
785611,26.6637253,93.852593
781380,26.3318268,91.6644884
343001,25.3421421,72.6070881
781337,26.452338,91.447045
500059,17.3515676,78.5101277
600100,12.9227396,80.1969652
221011,25.2526561,82.9629814
835302,23.3998733,84.7066352
784514,26.60561,92.153004
343041,24.8077124,71.7132799
794110,25.7922457,90.6935942
471313,24.5659179,79.1667455
382305,23.1590549,72.843049
788009,24.8127755,92.8613714
741502,23.3284924,88.6557354
788030,24.8847263,92.883684
854304,25.8367324,87.4781751
247341,29.7559213,77.2533994
122002,28.4657541,77.0877422
785690,27.0159882,95.0306497
302012,26.9456266,75.7430903
841311,26.1854181,84.7084579
476221,26.3524479,77.848239
793113,25.2925347,91.5798964
440027,21.1083081,79.0919433
500013,17.3949782,78.5272051
454010,22.3837706,75.4019637
389151,22.8459277,74.2378773
794002,25.7791674,90.4199954
391170,22.0830124,74.0126732
361310,22.307364,69.5788585
845315,26.73403,85.044413
328001,26.7021,77.9044931
394370,21.4680208,74.1585764
250611,29.1046968,77.2669163
212635,26.0064704,80.513485
785635,26.687335,94.4006994
271903,27.1945278,81.5645643
585290,16.38,76.64
226021,26.7805772,80.6748067
788118,24.7271083,92.7840477
360002,22.2732002,70.7997293
389001,22.7767435,73.6213916
425412,21.3742086,74.2410712
785603,26.4085184,94.0281529
794101,25.5160536,90.1877499
342303,26.714099,72.8357889
383205,23.3050028,72.9064383
782136,26.5680174,93.1554052
823001,24.7940325,84.9979752
206001,26.7850953,79.0113621
560048,12.9890486,77.7067315
209402,26.302885,80.4647802
735132,26.3980976,88.7209171
382006,23.2049505,72.6271509
482003,23.1658131,79.9036811
247776,29.4426553,77.3234807
785685,26.907317,94.7208899
451551,21.9803002,74.8400524
226016,26.3328511,80.8535591
781360,26.7383799,91.5164582
794107,25.714278,91.095407
364710,22.1713126,71.6627237
362001,21.5141953,70.4842131
783381,26.4732362,90.5427288
360579,21.7424991,69.5188301
785686,26.9051452,94.7891306
271208,27.5452534,82.3982443
221002,25.339083,82.9810046
476115,26.6689925,78.3693595
225301,27.0304963,81.1509883
788002,24.839266,92.8057676
473880,25.6433256,77.9117307
431122,18.9986589,75.7825717
302001,26.9294946,75.789856
383255,24.03366,73.0489473
242001,27.8803101,79.8970165
560064,13.1439643,77.5597677
785630,26.5832975,94.1847227
361006,22.4543839,70.0398276
442401,19.9871214,79.3171957
491001,21.1729253,81.2907765
585202,16.7626741,77.1351615
500032,17.4403737,78.3529587
476001,26.4977605,78.0047438
307026,24.4841083,72.7884624
735204,26.6927829,89.11436
781344,26.6361485,91.46924
209401,26.2685245,80.4271875
110061,28.5485684,77.0570061
395005,21.2234078,72.7893355
782403,26.1212498,92.0974257
781012,26.1603208,91.6839142
328021,26.6420144,77.6058638
271311,27.0687938,81.6599369
360055,22.0393909,71.20886
793160,25.3472537,92.2880535
243201,28.8287028,79.4688124
363650,22.6256058,70.6371253
323022,25.1664574,75.5447422
413304,17.6750466,75.3673411
783337,26.3506995,90.0814256
261201,27.4769705,81.0314387
382016,23.226681,72.6408831
370165,23.6334081,70.5339469
110045,28.59331,77.0801106
273015,26.7748536,83.35188
814119,24.2253138,87.3286114
203001,28.4024078,77.8794299
793161,25.26,92.08
208021,26.3989992,80.3112113
141010,30.8944149,75.9060951
824233,24.7532667,85.1461752
384245,23.6968036,71.7688209
471405,24.5689242,79.588785
788116,24.8299999,92.89
560087,12.9244692,77.7291947
473446,24.7119436,78.1372743
228001,26.2318505,81.8110288
389140,22.8344168,73.9976745
782480,26.137201,93.7494904
242221,27.6764474,79.6364518
334001,28.0234662,73.3245798
110037,28.5441638,77.1249201
781335,26.4417774,91.4382047
797108,25.7057343,94.4619287
385575,24.391367,71.4719938
464886,23.2580382,78.4615754
271831,27.6919339,81.9059129
387620,23.0238829,73.0816144
110092,28.6260198,77.3187988
226020,26.8883368,80.9290022
560102,12.9143784,77.6432565
483770,23.8539311,80.7973931
370145,23.3796752,70.6523038
457661,22.7708175,74.5904243
262907,28.234108,80.9949593
781123,25.9868195,91.220394
385110,24.3234764,72.855954
799263,24.1609082,92.1174195
110034,28.6947374,77.1340053
452002,22.7126905,75.8447274
847232,26.4880444,86.1979151
471625,24.8905959,79.9128187
793120,25.5978629,91.6046834
781020,26.185746,91.8030545
261203,27.2941795,81.1386235
462003,23.2278862,77.4031601
394230,21.0864781,72.8699198
142026,30.800854,75.4835414
143110,31.7341488,74.6212479
400070,19.0790416,72.8830467
314030,23.4492232,73.9261008
451335,21.915692,75.7590686
201306,28.4958318,77.4775507
389115,22.9179424,73.8411741
788011,24.69,92.75
785689,27.048248,94.914828
794103,25.2739766,90.1760914
800014,25.6078426,85.0834289
500005,17.3159098,78.4819556
232101,26.2687185,82.1913786
824232,24.7350461,85.3122459
413401,18.2011788,75.7211698
321204,27.684253,77.0832221
205261,27.0446607,78.8504687
784160,27.106355,93.9274867
788003,24.8294516,92.7777588
421306,19.227217,73.1223055
785001,26.7538675,94.206705
845433,26.8771937,84.7847959
814153,24.7063734,87.1618782
783370,26.4147029,90.2706174
793004,25.5665257,91.88055
781131,26.0443083,91.586251
251002,29.4706225,77.705822
272153,27.1885395,82.8731633
243001,28.3601418,79.4222907
785702,26.5068961,93.9717141
400612,19.1892301,73.0420478
475661,25.6757904,78.4499366
799045,23.8200383,91.4716134
788114,24.5048872,92.7651323
500072,17.4904927,78.4014429
382610,23.2981182,72.6700044
385360,23.7495369,71.4507823
483332,23.570149,80.413585
793109,25.2314366,92.0613051
384151,23.9153071,72.368178
793110,25.2274334,91.8138605
470001,23.8062572,78.750175
781313,26.4875606,90.9385455
785640,26.9867629,94.6378304
782121,26.3876674,92.2280825
560092,13.0614905,77.5938961
476337,25.7978567,76.7634716
261208,27.7331639,81.1577468
786001,27.3187048,94.6211391
389152,22.7219673,74.2098663
383315,23.4664658,73.2926368
262903,28.2085196,80.8774306
363427,22.713299,71.8797184
781007,26.1719069,91.7631068
389365,22.5535383,73.6390693
732124,24.9957944,88.2209793
365560,21.0446586,71.4471503
794109,25.8140601,90.3216422
797107,25.6313963,94.2740218
794102,25.2380807,90.6153846
781367,26.6152173,91.563987
301405,27.8397983,76.7645076
788120,24.6589996,92.6364972
431701,19.4953125,77.3549554
303012,26.8765442,75.934485
845415,25.7660805,86.1260892
209204,26.6842821,79.9893489
224122,26.4311586,82.5134875
362720,20.7908075,70.7310511
362150,21.0609609,70.5375823
362510,20.7584006,71.059789
625017,9.9336182,78.0956329
262122,28.5562144,80.1351712
121002,28.4154146,77.3295531
796321,23.4972519,93.3365636
389382,22.6584028,74.1212908
454660,22.9936224,75.1939916
396001,20.6157007,72.9309713
816107,24.617643,87.8184625
781315,26.5265281,90.9811629
801503,25.6272746,85.0515566
844504,25.673031,85.4036327
788101,24.8099658,92.9152078
473551,25.4438065,77.6794959
845305,26.7028419,84.9154113
343029,25.0145341,72.2671917
786183,27.4941153,95.2606599
784114,26.6892873,92.3191023
733123,25.2655626,88.9086059
781368,26.7009433,91.6631433
464221,23.885941,77.9267159
786125,27.4904169,95.3573578
560083,12.8151905,77.5761358
734013,26.728769,88.3435228
396065,20.3161349,73.2433431
273007,26.8256295,83.3418634
363310,22.9581493,71.411686
788723,24.67941,92.341638
271801,27.5627288,81.5729131
271870,27.4963917,81.6887629
784146,26.4885892,92.0928341
302002,26.9352634,75.8373419
793111,25.3678142,91.7720996
560091,12.9947022,77.4849282
793200,25.3261199,92.4488207
362550,20.7974076,71.1370132
784176,26.7542682,93.1483345
387630,22.8937355,72.9901759
383270,24.2504035,73.037481
784115,26.4010145,91.9196016
783349,26.1982891,90.1416556
845302,26.1638089,86.0271126
784510,26.7022537,91.9853511
793012,25.5973599,91.9757434
784174,26.8180762,93.1403166
205262,27.2652827,79.1844037
450332,21.3893163,76.5445425
793009,25.5739167,91.8848611
452001,22.700149,75.9163961
212213,25.4893048,81.6274017
273008,26.8950895,83.4178907
410405,18.7635519,73.5050216
560093,12.9841487,77.6698439
788724,24.6001633,92.3312485
784190,26.5780887,92.0635495
271902,27.39585,81.47279
788830,25.1079338,93.1525647
385540,24.1945922,72.1656537
803201,25.4764388,85.2768857
785705,26.4857178,94.3197049
457779,22.928118,74.5157024
450221,21.4637342,76.476523
794108,25.8558698,90.5496117
788164,24.65,92.5699999
141015,30.8955771,75.9331872
385565,24.3884151,71.6244574
431715,18.6809822,77.3594685
185121,33.67197,74.2724305
783129,26.094606,90.3740599
804408,25.2146616,84.9533104
450331,21.3384885,76.244805
271503,27.2152597,81.7879368
285203,26.0044362,79.928682
800008,25.6326657,85.1754842
804418,25.3557584,85.1134739
421301,19.4091606,73.1978978
209303,26.4765912,79.9023829
207001,27.5528129,78.690389
250002,28.970247,77.7065453
390011,22.2753041,73.1911324
201310,28.4514944,77.5017446
785697,26.9836944,94.6500833
471301,24.7347706,79.4091891
788737,24.75,92.34
800004,25.6359433,85.1248557
799035,23.8160138,91.4212143
261205,27.5413608,81.2060353
493225,21.347849,81.8689843
363440,22.3974763,71.4107956
325205,25.07751,76.5215923
307024,24.5842146,72.9650399
786190,27.5528,95.55
226017,26.8434407,80.8733323
141008,30.9306915,75.8390066
205247,27.1426591,79.1204945
148001,30.2477465,75.8361495
323802,25.6816436,75.7435234
384285,23.9890672,72.1511656
794001,25.5167785,90.2342264
560024,13.0414384,77.5972008
322230,26.7414698,77.0332485
384325,23.8508032,72.6313018
843128,26.2639421,85.3292512
733156,25.7649491,88.1867025
388550,22.313121,72.619401
395006,21.2177402,72.8740138
786613,27.2270278,94.9865648
804417,25.2437656,84.9921732
798625,26.5018029,94.756348
454001,22.5930821,75.3254373
800026,25.5939502,85.1741028
391770,22.5615026,73.2212548
793019,25.5892855,91.9122455
160036,30.7398754,76.7485052
793102,25.9223574,91.9280283
473660,25.4612911,78.1600036
273303,27.1418146,83.517561
389380,22.7049735,73.9177893
395001,21.1820737,72.8191899
362560,20.8253636,71.0323371
451332,21.6906781,75.9925746
476111,26.7264529,78.2179099
811314,24.7721456,86.2371003
737126,27.1748339,88.4043983
786181,27.3185318,95.7223363
793103,25.7078884,92.0136501
388001,22.556616,72.9676689
788119,24.729071,92.8853831
788152,24.6664707,92.5389935
385505,24.3780531,72.4814465
835222,23.4028145,85.2219031
788931,25.5051204,92.7329027
793151,25.5547356,92.1995254
734003,26.786334,88.4224644
488441,24.4167739,80.0717846
222132,25.7222696,82.6292038
243505,28.5716742,79.3526727
600045,12.9289284,80.1145128
794111,25.5717169,90.6104366
271604,27.2593026,82.3977337
781031,26.1982087,91.6900387
476335,26.0783057,77.0175721
326038,24.7303135,76.3922339
782410,26.1075641,92.2060153
785633,24.1911,92.1413
782461,25.9805489,93.4241874
464551,23.2732547,77.7132114
845103,27.1714693,84.2876392
391165,22.3326648,74.0378062
793005,25.5702426,91.8613578
385340,23.8287731,71.6160292
800006,25.6102509,85.1772432
781005,26.1598217,91.7755106
800007,25.5993113,85.2414378
208011,26.4244468,80.3257663
421302,19.2940154,73.0569373
452009,22.6907451,75.8346176
110032,28.6752963,77.2856385
736182,26.8122666,89.3933485
788163,24.5108629,92.6828177
361005,22.4614186,70.0625149
785675,27.1907822,94.8726721
787060,27.7796817,95.1303288
271851,27.6969838,81.4469089
261204,27.360648,81.3186188
585104,17.3641512,76.8539453
362725,23.7859,72.6389
845306,27.1690524,84.5483201
242127,27.7355659,79.4414961
845101,26.6248713,84.2173007
271205,27.444342,82.71583
391160,22.3786127,73.8552775
788819,25.161102,93.0170361
370140,23.3506823,70.3450138
477441,26.2996833,79.0217642
614602,10.4212742,79.3203865
797110,25.6158407,93.6500662
560045,13.0366414,77.6191194
782460,25.8522287,93.4383834
251001,29.4740196,77.6965998
342306,26.6052689,72.7079597
385135,24.336809,72.5512353
783134,25.9854303,90.8694236
785612,26.6299995,93.5757835
786601,27.3844668,95.2799145
307029,25.4498771,72.7890819
110074,28.4831875,77.1864343
798612,26.2442042,94.8348103
389230,23.1343329,73.6126057
342001,26.2883139,73.0218623
785634,26.6628343,94.313017
360004,22.2638082,70.7868668
389175,23.0068273,73.9617747
209861,26.4799318,80.3864411
843332,26.7621937,85.4423647
301001,27.5740332,76.6086983
560067,12.9455662,77.821318
845449,26.9442549,84.5184089
788720,24.806201,92.4222535
208002,26.4789802,80.3113961
389210,22.9680218,73.6451725
146001,31.5287807,75.9049869
798626,26.1798084,95.0049468
494122,18.2225932,81.5267697
782447,25.750127,93.1879777
272192,27.3298765,82.6634264
302020,26.8563045,75.7612374
811303,24.6637235,86.3445085
273304,27.2848241,83.7361462
450117,21.8846444,76.9293782
305001,26.461841,74.6362515
737121,27.1607223,88.2072717
793010,25.5105213,91.8794067
794104,25.7870099,89.9944828
413517,18.4011888,77.0364716
285205,26.0479834,79.1902521
341001,27.1666266,73.7395937
271504,27.0413495,81.7787297
560078,12.8968845,77.5825509
272163,26.8681667,82.571815
782448,25.7518491,92.8316804
365565,21.4555373,71.4637524
363330,22.9448321,71.1736229
793002,25.5834979,91.8754107
485001,24.5830003,80.8500114
143505,31.818301,75.2113933
473885,24.9738638,77.566199
361305,22.205216,69.6529866
360001,22.293066,70.7927391
203207,28.5510458,77.5464581
389350,22.5107391,73.4573068
788007,24.822882,92.793632
387130,22.8225974,72.7762774
825301,23.9828491,85.3707483
842001,26.1247406,85.3808622
360110,22.3950843,70.6069155
276121,26.2005318,83.2270817
307025,24.4599465,73.1556952
700004,22.5998954,88.374674
788099,24.640477,92.934116
462022,23.2403525,77.4839201
783393,26.6244291,90.6167315
209214,26.3061166,80.259487
244901,28.7817469,79.0337411
783131,25.5488283,89.8760216
394716,20.9478779,73.7999615
782450,25.9682627,92.5949751
845301,25.7210698,85.5883281
243503,28.2682433,79.5828054
784508,26.688867,92.2035056
793106,25.2451904,91.2703465
786182,27.3008605,95.7446872
302003,26.9162558,75.8149646
785692,27.1074655,95.2000131
832104,22.5024149,86.4635356
323001,25.4397189,75.642282
141001,30.9033387,75.828767
382421,23.1719601,72.6136847
457990,22.4574061,74.5571836
391440,22.2467155,73.0854381
342311,27.2713559,72.9489869
332311,27.8277367,75.0269361
421501,19.2062037,73.184336
440035,21.135437,79.1613316
342302,26.9375351,72.6302251
394210,21.1589671,72.8570411
140301,30.7547955,76.6544358
835205,23.4717131,85.1459617
390002,22.3283652,73.181278
794106,25.3759998,89.9104332
244001,28.8490514,78.7633877
786010,27.427281,95.0243454
302017,26.8391981,75.8305161
794115,25.4404491,89.944089
226010,26.8548847,81.0012619
144601,31.374543,75.37426
343030,25.0707312,72.020809
788722,24.7455824,92.3503492
734429,26.6901768,88.212002
801110,25.8490512,85.9331661
205264,27.0271642,78.9509201
395010,21.1999591,72.8743092
413203,18.378724,75.1428714
835214,23.4944955,85.0715383
394520,21.2604527,72.8234674
787032,27.45,95.01
382870,23.5702107,72.7535193
475330,25.985904,77.8661555
391150,22.0358868,73.7351442
845452,26.8733859,84.3181086
560084,13.0122764,77.628151
845438,26.7177544,84.7755275
362268,20.9099123,70.4985292
793014,25.5634137,91.9032309
783132,26.0485741,90.1950289
477445,26.3283988,78.9063182
110070,28.5218898,77.1596433
343032,25.2737098,72.0450971
781325,26.5017817,91.1518732
845401,26.6306645,84.9052149
431402,19.2429687,76.7713308
781136,26.0811935,91.1409186
560097,13.0778781,77.5569036
209307,26.518137,80.0258
781001,26.1764718,91.7488493
302004,26.89169,75.7920319
781125,26.0710156,91.5226175
784111,26.7897072,92.3751891
384315,23.7054872,72.5499902
382355,23.1484188,72.7496072
464228,24.1186631,77.6984452
560005,12.9964644,77.6199591
735135,26.6309685,88.524422
782470,26.3625542,93.7788212
363520,22.3646613,71.1946165
141013,30.8677694,75.8306047
250001,28.8969638,77.6868143
325004,25.5450839,76.4124171
800020,25.5933072,85.1588746
455001,22.9553104,76.0728027
385550,24.0808697,71.9450703
302016,26.9268506,75.7900172
389155,22.6159666,74.0194539
783373,26.4820644,90.3949884
396445,20.9470062,72.9297153
784125,26.4384427,92.0297981
271881,27.957177,81.6038176
781135,25.9389326,91.1417289
226018,26.8514685,80.9255218
383350,23.4950813,73.5045622
784113,26.4331,92.09883
781016,26.1643025,91.7464755
786147,27.56,95.3199999
736145,26.1577873,89.3887364
797103,25.8006423,93.7726129
382150,23.1155314,72.0486565
385566,24.6043822,71.483593
451331,21.8843245,75.9940599
793021,25.5540086,91.957206
222139,26.0804138,82.0256579
271872,27.2917459,81.6697893
793001,25.5795063,91.888911
208020,26.4706973,80.2452518
431702,19.6451092,77.3158544
764076,19.7341559,82.6149894
782441,26.1937305,93.0672876
395009,21.2010698,72.7891861
400072,19.1063396,72.8913635
788117,24.68,92.73
141003,30.8777438,75.8655304
794114,25.2821983,90.78067
845455,27.1500755,84.4538986
396191,20.3802277,72.9356395
700136,22.6342881,88.4513601
797003,25.7092814,94.1710322
276305,26.0391985,82.9369554
793114,25.3684573,91.4319542
363642,22.8500212,70.8529434
383001,23.5947506,72.9680605
784523,26.7637507,91.8791312
360003,22.3175849,70.8250404
474011,26.2067967,78.1933482
221001,25.3117915,83.0016446
305901,26.1035011,74.3216409
431513,19.8247352,77.1178322
793003,25.55974,91.878656
473670,25.3299999,78.18
700102,22.5871239,88.4383287
843302,26.5940168,85.4965695
328025,26.8980002,78.1732696
560001,12.9807371,77.5940135
273016,26.7079943,83.3652858
793006,25.5740216,91.9195202
271830,27.8787416,81.354775
325220,24.6225853,76.9045247
212203,25.5222754,81.5943554
793101,26.0418755,91.8321648
395007,21.1694644,72.7900426
560010,12.9945453,77.5505899
794112,25.8233883,90.6093585
306421,25.9166111,73.1279371
431704,19.2970246,77.306357
208027,26.435054,80.295758
272206,27.3500135,83.2011644
560099,12.839842,77.7242679
782482,26.063837,93.182675
800023,25.6122399,85.1129703
244221,28.8951896,78.4841487
425414,21.8176825,74.2247363
700014,22.5557618,88.3682533
787052,27.6757079,94.5494154
380001,23.0223472,72.5916042
781121,26.3390434,91.7821596
208010,26.426279,80.400032
845106,27.2409996,84.2833284
210125,25.5702267,80.9381452
853201,25.3921982,86.9416339
209210,26.78544,80.0968471
734105,27.0913523,88.3175901
451447,21.8746143,75.0797165
110051,28.6548735,77.2857931
788709,24.883091,92.3098
400095,19.1952908,72.8162146
394710,20.7526429,73.6755438
400097,19.1825464,72.8587629
796911,22.3125111,92.9879046
410502,19.1888282,73.8617191
781137,26.1006458,91.2792897
733121,25.3818107,88.390262
202126,28.0497823,78.0956877
785615,26.6304927,93.7267655
246701,29.3745054,78.1368008
210126,25.7868367,80.368685
614616,10.1434736,79.0740766
262902,28.4307197,80.5733304
400078,19.1491386,72.9360111
787058,27.41,94.55
735212,26.687655,89.0136595
400067,19.2073138,72.8387057
360007,22.2990283,70.7728754
787059,27.6237109,94.7411481
411037,18.5223839,73.8947752
477331,26.5032353,78.9514695
202132,28.0937623,77.8636262
425432,21.7538924,74.4471078
488001,24.7423155,80.2535898
212601,25.9026111,80.8226058
824235,25.0356019,84.8005963
847226,26.5551605,86.1201189
562114,13.0742015,77.8460846
450661,21.7613665,76.2855495
262001,28.6116072,79.8316578
786612,27.24018,95.167491
788712,24.8474511,92.2951777
734301,27.0636606,88.4768975
274202,26.6411432,83.7222064
400080,19.1755855,72.9513869
847305,26.5048387,85.8502683
845454,26.7970918,84.6424131
193201,34.3069506,74.4523775
283123,26.8953775,78.3403091
841405,26.3836802,84.5894018
431506,19.2728243,76.3777085
476444,26.4167699,78.113243
389154,22.7950036,74.365027
560008,12.9773042,77.6265369
785684,26.854486,94.6300253
211003,25.4332518,81.8430564
400071,19.1020856,72.9052042
284404,24.6346179,78.8104631
143521,32.0367717,75.3989978
781127,26.0939681,91.0344874
207302,27.4472572,78.2872417
733207,26.3522213,88.3434035
392001,21.7052984,72.9907452
122508,27.8830677,77.1729268
451449,21.8644895,75.2170114
743423,22.7103488,88.6480659
736134,26.2328572,89.5195255
788710,24.8677799,92.3623085
245101,28.7276575,77.7646974
110095,28.6779856,77.3128595
786110,27.5437806,94.6812862
181221,32.8107233,74.9175245
788713,24.87,92.35
843111,26.2107412,85.1929372
785602,26.2897779,93.9318882
560058,13.0254125,77.5090234
394180,21.2742213,72.9710664
202122,27.9888127,78.0662092
784182,26.78136,92.9158829
700023,22.5367728,88.3229015
431712,19.3417891,77.6295988
795134,24.7071483,93.8225973
413006,17.6551124,75.9492817
226008,26.7643153,80.87537
451441,21.7425218,75.441562
852127,25.6900874,86.6405455
380005,23.0849269,72.5930311
741501,23.2748432,88.6393003
243638,28.0913772,78.7398005
804401,25.2526677,84.6903775
843319,26.5241507,85.7866862
360050,22.06305,71.232619
410504,19.1184844,73.9764866
360006,22.3238171,70.7683251
781369,26.4858222,91.5162309
121001,28.3955154,77.302534
733201,25.8775574,87.9992819
784145,26.4116067,92.1057014
735218,26.688196,88.6833379
382340,23.0737208,72.6395276
824236,24.9399473,84.8515865
781309,26.2928504,91.0571063
796901,22.5053445,93.0123613
413801,18.4375737,74.6244584
500008,17.3702516,78.3548501
221107,25.309239,82.9277268
271845,27.529097,81.9404817
110077,28.573553,77.0662957
204101,27.6059184,78.0513413
843119,26.0401717,85.4882467
785609,26.5925599,93.4136987
110065,28.5673962,77.2480395
788711,26.48,83.66
796770,22.6125315,92.6080435
380018,23.0330048,72.6107548
700016,22.5524907,88.3553219
795133,24.4715789,93.8020384
805131,24.7494186,85.2030107
841428,26.4833158,84.4441307
423401,20.0451297,74.3215891
853205,25.3369004,87.1635026
445204,19.9316491,77.5952108
800111,22.0,79.0
560075,12.9709184,77.6566485
360005,22.2820636,70.761147
246725,29.142318,78.2496697
607106,11.7601514,79.5503705
813210,25.30302,86.9670696
232103,25.0625654,83.2240216
110055,28.6441386,77.2109681
843108,26.1767478,85.3274518
400601,19.2054534,72.9754446
743145,22.9394008,88.4490174
411006,18.5777537,73.9604753
735224,26.5712025,88.8677822
691532,8.9471933,76.8430156
361001,22.4695333,70.059117
400064,19.188867,72.8401266
380026,23.0023795,72.6292121
389130,22.8486253,73.9215641
451666,21.6055316,75.2270583
400043,19.0636008,72.9207789
147001,30.3377769,76.3836348
781141,26.0373299,91.2985113
854105,25.528667,87.5288964
380051,23.003067,72.5184529
262804,27.9436868,80.2405915
785614,26.7091669,93.9701051
736165,26.4105446,89.3932351
793022,25.6354164,91.9144836
425107,21.2378822,75.257955
679325,11.0335789,76.2311494
731204,23.6645225,87.6983041
841226,26.2371951,84.3603827
424304,21.0372722,74.2645879
785621,26.5119506,93.9683698
735210,26.617508,88.9743119
843109,26.2226565,85.4594012
457882,22.528881,74.3311997
493118,21.7584293,81.9971552
787001,27.2442579,94.1153012
821108,25.150573,83.7664797
781103,26.1744069,91.5342822
813209,25.3136554,87.4221703
400065,19.1641834,72.8916638
389120,22.9088722,73.7333561
445205,19.8378456,77.775614
202136,28.009377,77.9857339
473331,24.5478291,77.7444312
201012,28.6565522,77.3656365
244921,28.8951269,79.2562215
444505,20.121642,77.1131481
741313,23.4313982,88.3908474
382345,23.0568048,72.6438844
389146,22.881231,74.007566
842004,26.1816015,85.3991815
641402,11.0133155,77.1045191
733202,26.2570414,88.1844078
272201,27.271563,82.820974
474006,26.2155163,78.2218359
796701,22.9323152,92.738531
302013,26.9057514,75.6985921
743263,22.8395901,88.6583695
783126,26.0328339,90.6788914
795001,24.8055109,93.936935
786170,27.4927556,95.4335018
361002,22.4714777,70.0630467
274001,26.4849409,83.7680038
811307,24.9257594,86.2090357
781126,26.2650311,91.3781609
400101,19.2052228,72.8700503
736167,26.0853931,89.3210442
274402,26.7463149,83.9080932
843113,26.103294,85.3201967
796891,22.5117714,92.877114
500020,17.4115497,78.4971751
440023,21.1541735,78.9869842
843327,26.6562002,85.4313283
382418,23.0080161,72.643838
202123,27.8269191,77.8665026
695305,8.6400802,76.8108548
246763,29.5867116,78.3344791
786188,27.3811074,95.9001291
416410,16.8291775,74.6478422
821109,25.1340073,83.6376368
413113,17.8060897,75.073904
801109,25.4990595,84.9609098
425408,21.3194905,74.5963681
843320,26.4555632,85.7450637
781346,26.5269389,91.3449825
811311,25.2229487,85.9722775
560098,12.9147147,77.5159128
631502,12.8400218,79.7235262
500028,17.3906029,78.4396821
813108,25.1534309,86.7843945
843115,26.0462382,85.6078577
636006,11.6434168,78.1529069
271825,27.539708,81.399049
396230,20.2462857,73.0308235
700006,22.5890207,88.3699896
388325,22.5392419,72.8961278
845450,26.8859779,84.5362174
700129,22.6962089,88.4651441
136027,29.8085514,76.3855379
781036,26.1509131,91.8055759
854326,25.771273,87.655647
110062,28.5127424,77.2379107
635810,12.921271,78.7397659
477557,26.4981488,78.6063627
741223,23.3270471,88.4996473
736206,26.5619652,89.6888599
734427,26.5830804,88.1848956
813101,25.0449078,86.7744897
803101,25.2151194,85.5328408
345028,27.5727913,71.8595859
787056,27.4505007,94.2487422
605801,11.9267389,79.0113595
854108,25.6406433,87.4331088
841239,26.2366547,84.1505195
735217,26.6744717,89.4478201
781308,26.2503596,90.8994299
636122,11.698763,78.235251
841424,26.0261301,84.9570005
804453,25.5561841,85.1237543
209739,27.2904206,79.5978863
721201,22.7445863,87.5146203
382445,22.9587917,72.6386422
636002,11.6435938,78.1236983
854328,26.3757486,87.2899793
110027,28.6469052,77.1196595
734201,27.0463753,88.1548345
743248,22.7843704,88.5573144
813213,25.2179709,86.4878703
110091,28.607282,77.2961942
400708,19.1697888,73.0046316
843314,26.5539419,85.6221462
131001,28.991925,77.018781
781314,26.332142,90.9677242
205001,27.2305889,79.02407
741126,23.5898804,88.3533875
424305,21.1522424,74.3068796
852106,25.7598119,86.5320773
825401,24.2185376,84.9144941
495118,23.0481268,82.1201876
531029,17.974129,82.5717421
606401,11.8750752,78.8840784
736202,26.4985122,89.7402334
443001,20.5154969,76.1786444
271803,27.703964,81.930288
811211,25.2985949,86.5661085
444601,20.9264684,77.7358679
854318,26.2519734,87.2252042
241406,27.6646271,80.1822653
524345,14.3845722,79.7324208
524315,14.6731057,80.0488287
271841,27.2439047,81.5466713
743287,22.940784,88.776758
799289,23.8817262,91.853297
282002,27.1932353,78.0034231
854303,25.7471175,87.4639481
364290,21.091374,71.7615635
686673,9.9858439,76.5810057
632602,12.949859,78.8758127
781317,26.5021476,90.8996002
400703,19.0777076,73.0034767
311603,25.3439442,74.8801137
787061,27.7674917,95.0001387
813203,25.3981106,87.1007244
783371,26.2822002,90.4683111
845440,26.89858,84.700001
457887,22.3052663,74.3701827
471606,24.851266,79.9249116
781017,26.1342651,91.6238313
623536,9.2990399,78.9227908
788098,24.8290203,93.0224118
370201,23.0705486,70.1288546
798621,26.7236981,95.029381
560062,12.8648069,77.4963491
847403,26.1046963,86.2805928
584128,15.7705717,76.750165
788001,24.7680965,92.7195375
782126,26.4273875,92.4387189
380016,23.0545949,72.6056693
785625,26.5158147,94.0637811
431123,18.736092,76.0349553
124001,28.8884502,76.60807
835207,23.1337086,84.6880144
623517,9.2374642,78.7805498
110005,28.7841488,77.1969875
344702,25.4891106,71.0181943
136119,29.9434746,76.8007681
110039,28.809983,77.0287544
805130,24.9957604,85.6278164
560094,13.0398962,77.5730973
281004,27.5011134,77.6639792
241001,27.3749493,80.1314535
847225,26.5552897,86.034557
385570,24.2254743,71.4705129
854301,25.7955897,87.3998546
400604,19.1918767,72.9545969
853202,25.3434034,86.8468087
400701,19.1223722,73.0045822
632001,12.9084279,79.1539375
475220,25.7977294,78.1148037
843316,26.4422611,85.4006159
841237,26.3022222,84.3672222
242042,28.2143189,80.044061
282007,27.2051581,77.9601158
471105,24.7694431,79.7546368
524304,14.6873833,79.6770618
245206,28.8324029,77.7610466
391110,22.1448098,73.4023517
680307,10.3052066,76.3310622
276001,26.0438616,83.1703532
824201,24.5458977,85.0076
700125,22.7390685,88.492262
122108,27.9056961,77.0048007
262201,28.3389879,79.8014621
854114,25.6097698,87.3179234
636010,11.6245984,78.1187929
457893,23.6727,74.8077
845427,26.5822499,85.21456
734001,26.72446,88.4782764
281121,27.5717505,77.6837024
560085,12.9304761,77.5453259
700110,22.7004285,88.3831686
495119,22.777605,81.958941
847227,26.4258859,86.3533284
241404,27.5120947,80.2629287
786611,27.183638,95.1137224
786003,27.4682155,94.9190352
841438,26.3937634,84.2680615
483775,23.9716333,80.6363577
799275,24.0167676,91.9840265
812004,25.2549119,86.9049426
462001,23.2523178,77.3844883
854205,25.8348145,87.1922069
110094,28.7155481,77.2737919
713126,23.590894,87.717928
470227,23.5466888,79.051418
250101,28.8525065,77.3024613
400705,19.0675622,73.0093603
134003,30.3705646,76.7821222
400706,19.0142905,73.0223337
285001,25.9359455,79.4250014
202155,28.0927588,77.8219235
382350,23.0461945,72.6552772
734008,26.872813,88.416712
743127,22.8244023,88.3870998
243202,28.4733463,79.4298047
454446,22.2614753,75.0495277
734101,27.042375,88.2649899
261135,27.7233695,80.8994893
524305,14.5328581,79.8837958
121003,28.4645506,77.3084408
132103,29.3895184,76.9690892
331803,28.0765956,74.0213757
788104,24.8099512,93.105894
841403,25.9985453,84.6897779
524201,14.9079484,79.9921861
845451,26.9962118,84.4021761
425405,21.3749571,74.9299403
524411,14.0367952,80.0460663
560038,12.98083,77.6392889
201005,28.6841662,77.3655262
788107,24.9007466,93.0887055
847121,26.1876257,85.9499437
261207,27.6276219,80.8223502
782412,26.1549434,92.3576553
110024,28.4953297,77.2084748
224188,26.7594566,81.9851537
391240,22.0524553,73.1166347
636015,11.6502872,78.1681301
411014,18.5584537,73.9341092
282003,27.1963878,78.0015899
735211,26.5378191,89.2062528
311001,25.3623721,74.6397874
241124,27.6477513,79.9465492
400709,19.1015239,73.0044136
524308,14.6833748,79.7296721
735202,26.7942033,89.0308455
700039,22.5263747,88.3859753
786101,27.4868534,95.0854322
835216,23.0226687,85.2767232
524309,14.52795,79.72135
125001,29.1516348,75.7253159
630302,9.9506948,78.8176581
424306,20.9397485,74.0811069
560034,12.9255706,77.6343793
562125,12.8718212,77.7837836
811301,24.9675201,85.8830442
625106,10.0060892,78.275806
261121,27.7349215,80.7262993
524322,14.6197072,79.6222811
389260,23.183364,73.825262
790101,27.350443,92.3131801
175101,31.9325067,77.1411785
835324,23.1676519,84.75937
261502,27.9232496,81.1880565
110029,28.5684538,77.2003921
364140,21.3515855,72.0361788
497224,23.2782683,83.9514361
272202,27.4391143,83.1324575
223101,26.0539523,82.6837014
391140,22.1383206,73.8210789
243701,28.6697109,79.1415588
416412,17.0290283,75.5738702
751024,20.3524578,85.8220325
244922,28.5549358,78.99436
562157,13.169487,77.6076487
370421,22.8507789,69.7377192
457993,22.5603355,74.5101618
244924,29.0082169,79.0999333
788817,24.938419,92.665845
271403,26.9121911,81.9748873
384241,15.5934,72.668
382220,22.858778,72.343321
272207,27.2579363,83.0252692
741253,23.165494,88.684405
781006,26.1471176,91.7888145
736146,26.3439756,89.2013824
225302,27.104837,81.0883441
600130,12.8480065,80.2189203
411001,18.5324115,73.8777986
431714,18.8697727,77.1903576
470002,23.8421106,78.7363654
783125,26.0898479,90.8058256
364522,21.2514172,71.3133782
700049,22.6491807,88.4203758
500001,17.3988564,78.4722552
695310,8.7797239,76.7217176
500029,17.4028636,78.4835694
360510,21.9296134,69.7617018
414105,19.4018319,74.8135836
805129,24.808941,85.350447
400059,19.1155885,72.9242784
497223,23.5439279,83.2644854
560004,12.9434895,77.5739593
781120,25.9255212,91.4601656
700056,22.6611615,88.3832115
841406,26.5231404,84.7273517
741402,23.2286522,88.4898661
443103,20.6802616,76.239055
391135,22.2746814,73.7238084
360570,21.6560858,69.8982393
571105,12.3030318,76.2626725
431708,18.9355353,77.1310936
741201,23.1726457,88.5681971
712149,23.0674888,88.2454718
261506,28.0231626,80.8307491
786012,27.498007,95.0348617
743347,21.8593073,88.2329866
562106,12.7145005,77.6869632
600119,12.8955917,80.2273211
389190,23.1137527,74.024045
363030,22.733201,71.7018783
271802,27.6635762,81.7008287
425301,21.1516329,75.7035311
400022,19.0416033,72.8651105
735208,26.8070331,89.3606137
364750,21.9698713,71.5781571
364515,21.3460168,71.319847
262701,27.9747088,80.7318801
788806,24.8658162,92.5378891
226001,26.8630783,80.9088909
735206,26.8345075,88.8203782
764074,19.9416162,82.0131256
562160,12.6218795,77.1605102
207244,27.5879199,79.1465079
797111,26.1007859,94.2331981
400074,19.0347908,72.893072
785636,26.7420955,94.4394137
743249,22.92786,88.7094834
201204,28.8435819,77.5671871
833201,22.525231,85.8349463
799102,23.654411,91.2738076
206301,27.1509208,79.2482634
110054,28.6842039,77.2220805
440024,21.0846122,79.0216563
793017,25.5965728,91.872065
805103,24.8751156,85.4277216
500053,17.5201899,77.9082198
382440,22.9526752,72.6108323
212663,25.8180195,80.652168
848101,25.855802,85.7793372
781038,26.1303357,91.7801627
440017,21.1631216,79.1074484
798620,25.9568057,94.488076
500024,17.3745111,78.4930018
425428,21.5492397,74.891987
784161,27.0232476,93.939553
224001,26.7855456,82.1040544
262802,28.052398,80.4668101
380015,23.0222279,72.527893
560041,12.9248197,77.5931626
122004,28.4043557,77.0162799
361012,22.2576559,70.1994476
382715,23.2979763,72.3321697
452016,22.7234355,75.9217275
389172,23.1056838,73.9720041
786150,27.53,95.49
476224,26.3259254,77.5926904
455227,22.6386408,76.327538
241402,27.2927941,79.821159
382330,23.0845861,72.6839236
473222,24.3557454,77.0052309
262906,28.3904921,80.9810194
387115,22.6934672,72.9814942
221007,25.4236999,82.9261834
416413,17.1917664,75.4795068
831002,22.744677,86.2095047
475001,24.5629366,77.7468515
450001,21.8290835,76.3622418
400076,19.122603,72.9124402
412211,18.6692631,74.3754562
785108,26.821474,94.062337
835210,23.0821656,85.2887341
560017,12.9548112,77.6606378
382735,23.3671932,72.6129872
783391,26.5516892,90.8159401
785703,26.51225,93.9716944
244301,28.642468,78.6660209
600115,12.9480568,80.2535077
365601,21.6038719,71.2215225
225305,27.1682294,81.232404
321203,27.4202538,77.3856983
400037,19.0260093,72.8684152
700124,22.7159946,88.4919563
388307,22.3678,73.0435
312901,25.0871294,74.6654008
854336,26.435272,87.1162959
411023,18.5629111,73.9466638
524004,14.4178749,79.9586758
422003,20.0180804,73.8136836
471501,24.9109,79.5877
273162,27.2486235,83.4149958
385560,23.8832929,71.810806
743235,23.0468736,88.8272813
785006,26.7330569,94.1699184
411028,18.5038096,73.9351221
411038,18.5074258,73.807098
276404,26.0848529,83.2902912
250344,29.1211416,77.5600219
385130,24.4071804,72.6402638
110057,28.5651154,77.1613482
425002,21.0122617,75.5647432
585437,17.7735963,76.9032141
364310,21.9218257,71.8689816
387810,22.7220565,72.4361055
370410,22.9422339,69.8162531
283110,27.093857,77.6614336
304001,26.1313946,75.8108258
464001,23.5186291,77.8153326
110021,28.5930299,77.1810754
785616,26.6677419,94.1157247
241123,27.6026844,79.7968085
741222,23.0755595,88.5356637
221505,25.4117178,82.1486214
781122,26.0990556,91.5139869
431124,18.8504168,76.1377293
792131,26.7988927,95.3429916
284304,25.8914082,78.9684631
788726,25.6418668,93.1028021
312022,25.047521,74.8350094
737111,27.3013783,88.2794474
232104,25.2597116,83.2692238
788165,24.4031764,92.565859
276304,26.0803669,82.875196
823003,24.7888374,85.0470874
423212,20.4476629,74.5996229
711101,22.5972055,88.3459574
460330,22.0127301,77.5927173
787034,27.4292532,94.3176065
243635,27.9536559,79.4097065
241204,27.0721124,80.4919459
141002,30.90227,75.824044
400088,19.0457311,72.9197766
225306,27.2211375,81.1089724
411048,18.4689793,73.891023
788802,24.856214,92.652144
411045,18.5669221,73.7801029
203131,28.2791931,77.8730638
413307,17.4459084,75.2297158
496116,22.4219688,83.1796794
221112,25.3893692,83.0679327
110030,28.5166022,77.189826
815312,24.2922276,86.37273
444101,21.0908279,77.0699533
835227,22.8507007,85.1040882
283101,27.3100877,77.7490793
700119,22.7347342,88.3940539
797115,25.86297,93.7626212
222302,26.1389592,82.2266765
805123,24.9733964,85.5383126
261001,27.6357576,80.595266
845437,26.6090352,84.8329909
403001,15.4961833,73.8214975
586101,16.8303886,75.7148474
221005,25.278903,82.990679
477660,26.6024052,78.5554795
848203,25.6153734,86.2344479
331022,28.0695908,74.6301239
242307,27.9718087,79.7384552
273209,26.680052,83.1287325
788815,24.9684172,92.5730099
110016,28.5493288,77.1988291
242301,27.9668741,79.687501
500079,17.3384082,78.5312535
600052,13.2023126,80.1723194
384355,23.782387,72.6427606
841301,25.7835574,84.7340324
221010,25.2998653,82.9895009
364130,21.137867,71.963689
815301,24.1846041,86.3031386
507123,17.5855512,80.2935848
805121,24.8003261,85.5859047
782125,26.4375797,92.7326917
834003,23.2983354,85.3141158
743271,22.8154283,88.7010812
788805,24.8766475,92.5730321
226004,26.8449317,80.9064599
743262,23.0617987,88.7601156
244411,28.5861778,78.8111359
451556,22.0032129,75.1114329
497118,23.3681935,83.6243938
700007,22.5825143,88.3592005
335523,29.1663392,74.7497851
370150,23.2796013,70.4990731
212657,26.0056214,80.5141903
471318,23.7814377,76.9594384
670003,11.8459969,75.4040898
143401,31.4597521,74.9190613
560046,13.0000311,77.602086
786160,27.5474265,95.6870888
413102,18.1645807,74.5684056
788102,24.812,93.021
785104,26.9791713,94.1693556
494114,17.8097026,81.3819681
221101,25.4551366,83.0061199
423203,20.5521108,74.5265691
212664,26.0360139,80.7059478
440013,21.177703,79.0440176
360590,21.8353417,69.5943731
383325,23.2353573,73.1895904
443201,20.2930359,76.29323
411042,18.4957142,73.824051
361170,22.1915377,69.963963
787035,27.3027,94.2112
500027,17.3943916,78.4945016
110007,28.6835175,77.2051386
412218,18.8530173,74.1809567
500047,17.4895204,78.4159685
388255,22.9626425,73.3202369
221104,25.3925733,83.0802915
786007,27.4026401,94.8797221
736207,26.4762108,89.8073317
412210,18.7803233,74.3907916
571104,12.4307083,75.9649308
261202,27.7683576,80.7343452
481001,21.8051773,80.0342755
736131,26.3770214,89.7780641
400053,19.1379078,72.8294605
452010,22.754933,75.8950813
524413,14.0908289,80.0164225
733210,26.0758552,88.1084472
500056,17.4761391,78.5354134
360311,21.9792536,70.785596
212202,25.3809667,81.608464
202002,27.9013587,78.0759273
388180,22.4916288,72.6561297
781305,26.2764962,91.1881358
798611,25.8554584,94.8040831
422209,20.1601744,73.980814
331001,28.3137666,74.9565191
843125,26.2641281,84.9515101
209206,26.1433699,80.1790135
733124,25.3945452,88.5051473
786153,27.5965505,95.5581921
273402,26.2961699,83.5272447
785107,26.8054859,94.351422
425409,21.4813281,74.5562708
451111,22.1394304,76.0435921
841427,26.4382953,84.5122643
391125,22.1847505,73.645819
241503,22.0,79.0
781381,26.3784107,91.7299224
788728,24.41,92.3
451115,22.324457,76.0444423
261303,27.2525389,80.8337913
451228,22.0959093,75.6022542
209302,26.5641032,79.7758574
385421,24.0391707,72.5516757
273157,27.2341669,83.2733593
695005,8.5340295,76.9703092
507115,17.5963931,80.7381168
363421,22.5650005,71.8001078
500040,17.4606267,78.5630693
400013,19.0045909,72.828296
781302,26.2407794,91.0830524
388625,22.4148228,72.4700863
785010,26.7724921,94.2416438
560027,12.961169,77.5862725
781019,26.1366514,91.7635361
782122,26.4420412,92.5585705
202129,27.8901292,78.3268885
273412,26.3794371,83.4983873
471311,24.4844475,79.1324555
500084,17.4627534,78.3613546
785619,26.6371957,93.7924478
413606,17.8799172,76.692882
311605,25.3565605,75.1369452
411052,18.4970435,73.8168039
828113,23.8486731,86.3052998
207243,27.6304955,79.0875937
110041,28.668246,77.0511347
477446,26.133768,78.861258
477555,26.590297,78.888743
412308,18.4718603,73.9685775
495117,24.0722137,82.406436
422303,20.0803901,74.111444
192303,33.7027624,74.8691405
400050,19.0574705,72.8297225
342012,26.1658751,72.9222389
209301,26.4309322,79.7955769
411021,18.5302328,73.7761233
466001,23.2118462,77.1184749
400026,18.9708569,72.8083614
242303,28.0895279,79.552425
562110,13.2507576,77.6714151
383430,23.8365802,73.0022543
271401,27.0263523,81.9016508
311804,25.4845307,74.2333077
733125,25.3913503,88.2676056
321001,27.2160165,77.5001133
245304,28.7343559,77.7321148
209731,27.0552191,79.6485159
431802,19.400364,77.8489476
307022,24.7845821,73.047964
500064,17.3555261,78.4579667
786154,27.7632145,95.5653695
781101,26.2499848,91.6507547
141014,30.8965242,75.9064295
781129,26.0677999,91.3928
741404,23.2592358,88.4194921
470117,24.063345,78.3369528
451881,21.7296762,74.669665
828201,23.7077761,86.553392
209722,27.1178018,79.7316338
382775,22.8734052,71.8504288
431804,19.624132,78.2010413
382750,23.3622999,71.8518618
383215,23.3494038,72.9543563
805110,24.9833601,85.6789178
834005,23.3794417,85.2927404
805109,24.9493633,85.4422518
360490,21.742353,70.2789382
474005,26.2316093,78.2096498
788161,24.4707284,92.5550997
451221,22.2235299,75.6953861
497119,23.4352079,83.5120487
110015,28.6558467,77.1469537
431127,19.2759147,75.7710307
825103,24.0480066,84.9662471
401208,19.3700179,72.8939779
221109,25.211598,82.819827
832105,22.8794297,86.2882575
271875,27.6981625,81.6178246
500090,17.5316464,78.379719
700121,22.7666135,88.4229828
477227,26.33772,78.808531
276403,26.0267446,83.4069652
487118,23.0069541,79.4763414
477222,26.2661553,78.6674832
495551,21.9395398,82.2796802
422103,19.8284367,73.9953949
384272,23.5544,72.7262
313001,24.5853287,73.7087571
796081,24.2159408,92.6296417
482002,23.1753639,79.8884876
743251,23.1635565,88.8260985
322201,26.4778459,76.7280014
700162,22.5889485,88.4590385
208017,26.5204898,80.1750304
799271,23.8586574,92.2128719
831011,22.8253732,86.1662193
363530,22.6170264,71.247924
301411,27.9488945,76.8358364
413109,17.9082835,74.7221895
805104,24.8834912,85.6255285
474010,26.2500472,78.108531
736204,26.5337559,89.3488433
271502,27.1169593,81.719813
382230,22.58049,72.2234159
122103,28.2004549,77.0615883
274304,26.8910848,83.9763272
364230,21.7317881,71.7608495
271882,27.781493,81.5533911
413705,19.3943036,74.6484343
272208,27.191017,83.124118
261301,27.3005653,80.9026776
276125,26.1274477,83.2338015
788701,24.7626951,92.504998
788126,24.6925,92.1451
523105,15.212777,79.9038017
272205,27.3977889,82.9342025
560060,12.9047713,77.4669157
603204,12.7896745,79.9850594
798603,26.4608733,94.9664676
445215,19.8897824,77.5120313
364240,21.717429,71.9402388
274509,26.2967211,83.921322
785622,26.5937624,93.9426613
451660,22.0701302,75.3086357
466331,22.6982397,77.264745
786184,27.4364699,95.2873245
411046,18.4526421,73.8497368
207242,27.7098763,78.9205152
524223,14.8890179,79.8988092
785610,26.2739,94.012
600028,13.0254664,80.2619427
451770,21.6772553,74.7750774
811302,25.2712605,86.0179185
414203,18.814698,75.148691
312601,24.6366704,74.6908855
682006,9.9176561,76.2732588
736121,26.4829601,89.5323276
110048,28.4641851,77.3944097
802301,25.5597429,84.6627769
411058,18.4846025,73.7996986
212201,25.8504362,81.7175854
461990,22.8610009,78.4940089
788725,24.5755374,92.2965984
787026,27.4111286,94.4222544
182203,33.0783772,75.8501382
380058,23.0241802,72.472779
413106,18.1185345,75.0291085
570023,12.2909631,76.624989
496001,21.8913687,83.381879
721301,22.3181082,87.3417865
110053,28.6916814,77.2664646
735225,26.8775025,88.9104323
841409,26.2956114,84.7044222
370155,23.5273486,70.7856621
477447,25.9997288,78.8751856
421303,19.6608938,73.1400402
798601,26.3151167,94.5123429
452015,22.7223895,75.8069972
731234,23.9600557,87.6978455
831012,22.8261812,86.2133695
207249,27.5107422,79.0101169
250342,29.1636166,77.616342
743329,22.3183631,88.6799611
383220,23.5863168,72.8238449
416404,17.0591857,75.2171829
682030,10.0155871,76.34717
799114,23.5828691,91.4776853
382240,22.7302732,72.2636035
389360,22.4805473,73.5355834
271001,27.1375914,81.963156
854204,25.7440823,85.0121085
743245,22.9448888,88.8127932
788112,24.671,92.43
788113,24.6001593,92.7365782
841211,25.7676893,84.8521442
828109,23.8479475,86.5167685
207122,27.579713,78.5003647
400051,19.0508452,72.8620368
500002,17.3752252,78.4687025
388540,22.4197209,72.9034838
450445,21.215654,76.2799206
785680,26.8118517,94.5446302
783130,26.0291723,90.9470829
477111,26.7361094,78.6782275
391168,22.1887742,74.0489791
832110,22.8403498,86.2050884
695011,8.5280843,76.9195843
388620,22.3400085,72.6394994
785699,26.583121,93.7577962
444301,20.3964714,76.4701126
411041,18.4411618,73.8157035
783369,26.440636,90.3485961
521215,16.941792,80.7770186
521235,17.1086575,80.589435
521263,16.44,80.95
521301,16.4328533,80.994619
521332,16.2962714,81.0449205
521333,16.5572685,81.2544548
521457,16.799786,80.148257
518124,15.3241965,78.2339792
518135,15.227475,78.441677
518166,15.1033432,78.2877674
518176,15.4233222,78.3184396
518221,15.2355,77.7384444
518222,15.3943486,77.8638256
518343,15.8540277,77.4845833
518346,15.4884707,77.0462224
518350,15.6876944,77.4852499
518422,15.8923363,78.5652259
518463,15.7099845,77.5932109
518465,15.5547256,77.5346668
518466,15.7924377,77.8142807
509360,16.7299806,78.5438779
509104,16.2051096,77.9943402
509208,16.5054517,77.5122877
509338,17.0917731,77.6396876
509411,16.8588187,77.6134806
502032,17.5073969,78.3026311
502291,17.6192759,77.9682598
502375,18.0903782,78.916997
520012,16.5286439,80.6010219
521183,16.6531167,80.2790335
521230,16.7639313,80.6663082
508115,17.6032377,78.9398608
518502,15.4753009,78.4808827
518563,15.3309193,78.5129852
524134,14.1107237,79.5505698
524142,14.770144,79.983611
524218,22.0,79.0
524221,14.921048,79.476716
524240,14.6690558,79.9340164
524343,14.5112958,79.4107208
524366,14.5539641,79.9771141
524405,14.2058294,79.8747616
524406,14.1594164,79.7964213
524412,14.1405806,79.9642204
522408,16.240365,79.843226
522415,16.5540357,79.6359524
522611,16.1405144,80.1234409
523108,15.1219596,79.410558
523111,15.3113442,79.5671482
523116,15.1647643,79.7256455
523211,15.6209181,80.022008
523225,15.5462798,79.9473584
523240,15.6011754,79.6074558
523246,15.5510913,79.4200896
523252,15.7514525,79.7779653
523327,16.0402845,79.2923143
523367,15.3296639,78.9002506
523371,15.69,79.28
523372,15.5220297,78.9629134
500076,17.3609277,78.5431951
500092,17.4134042,78.5851438
501142,17.4705733,77.6519036
501359,17.1551223,78.4264568
501503,17.3158976,78.1238129
509337,16.915636,77.8132222
523115,15.0065886,79.8153521
524313,14.5064132,80.1645875
515341,13.841014,77.704301
515501,14.195862,78.0732463
515671,14.4100509,77.7185736
532123,18.4714774,83.7788293
532213,18.7468186,84.0879137
532219,18.7562976,84.5011111
532221,18.7796062,84.403676
532242,18.862988,84.4607854
532407,18.2120349,83.6899547
532427,18.545402,84.011328
532432,18.5109813,84.0386836
517507,13.6426494,79.4184276
517571,13.4818056,79.5179167
524121,13.7016649,80.0194822
530001,17.7296778,83.3101188
530011,17.6866859,83.235208
530022,17.7449361,83.3261728
531024,18.0804289,82.6682256
531030,17.9915914,82.9821687
535005,18.0537915,83.4043687
535126,18.4879182,83.4999076
535128,18.3053906,83.5645698
535216,18.0503796,83.5140088
535534,83.7984,18.8471
535591,18.5182072,83.2043481
535592,18.5439547,83.1474459
535593,18.6485356,83.1323252
506001,18.003461,79.5611646
506101,17.6227391,79.9763132
506112,17.6872798,79.9018101
506132,17.9236002,79.891719
506134,17.8889288,79.8621438
506332,17.8598011,79.8586085
506348,18.2597444,79.766843
506381,17.464718,80.1072638
534002,16.7136668,81.1012896
534004,16.70025,81.13775
534165,16.7716719,81.4773129
534186,16.6401724,81.5232355
534195,16.7430376,81.3918586
534199,16.5844947,81.4575784
534201,16.5415917,81.5333603
534204,16.5702711,81.4324404
534209,16.591816,81.5872145
534211,16.7515214,81.6809817
534225,16.7059876,81.6472133
534281,16.4128841,81.6112798
534301,16.9071832,81.6708827
534305,16.9292455,81.6174384
534313,17.0360757,81.5661994
534425,16.8196893,81.2667506
534432,16.7687097,81.1950491
534462,16.9265875,81.0133767
534475,16.8099424,81.0341586
516002,14.4754613,78.8347933
516003,14.4620057,78.8184388
516172,14.7268312,78.7317777
516233,14.7098195,79.1143565
516289,14.5885051,78.6603504
516433,14.8941515,78.3312878
516501,14.56,79.04
792120,27.09272,95.7318183
792122,27.4388213,96.0826969
790102,27.353033,93.043222
790104,27.601425,91.9264886
790105,27.5945867,92.0002801
791125,27.4812492,94.3155376
781375,26.4688775,91.2276276
781340,26.457945,91.387063
781316,26.4166391,90.9775991
781318,26.5640396,91.0823879
784166,26.801021,93.348082
784172,26.8324779,93.500572
788015,24.7936808,92.7929495
788108,24.9398536,92.96533
788110,24.9258746,92.7474569
788123,24.96,92.62
783385,26.5187312,90.5057087
784529,26.4605856,92.0008373
783127,25.8679197,90.0049583
785676,27.276581,94.889479
788151,24.6801413,92.5623632
782481,26.1410549,93.0658875
785004,26.7186891,94.1853178
785015,26.461,94.123
785111,26.502,94.1444
785683,26.8558795,94.4902713
781037,26.1339,91.8297945
781124,26.0481533,91.3874738
781365,26.44169,91.61042
781003,26.1815627,91.768749
781004,26.1899973,91.7617997
788719,24.72,92.35
788803,24.87,92.53
783361,26.4767414,89.878004
784165,26.968573,93.748509
782106,26.3393955,92.4640002
782135,26.3307,92.8605
782140,26.4387348,92.8279289
782141,26.3708481,92.7542677
782445,26.0685,92.9001
781338,26.3641673,91.3074139
781341,26.2135,91.2642
781370,26.4349056,91.3415895
784027,26.6501183,92.8046364
784028,26.7007541,92.8313175
784149,26.587339,90.785704
784169,26.8530637,93.7446829
784178,26.9004915,93.6944698
784180,26.7217629,92.9282519
784501,26.6418821,92.7900547
784504,26.90262,92.95665
784505,26.8167706,92.690669
786157,27.9455861,95.7553778
784522,26.6490799,91.8869095
784524,26.7908627,91.9386899
854329,26.1162105,87.4909133
854333,26.2581366,87.4219035
854334,26.1049415,87.207549
804421,25.093989,84.8136694
824121,24.8332613,84.3470444
824122,24.8014152,84.5420911
824303,24.667413,84.0720113
813104,24.7719316,87.0089571
851115,25.416675,86.129379
851126,25.3794388,86.1955457
851127,25.5334603,86.1056992
851133,25.5297257,85.9473122
851204,25.5153606,86.4074875
813113,25.0045279,87.1145693
813204,25.1782384,87.257976
813231,22.0,79.0
853203,25.4081705,86.8591533
802155,25.417195,84.351208
802156,25.6335032,84.5651267
802161,25.5406541,84.7366363
802162,25.5297945,84.5439381
802164,25.3777314,84.7027063
802202,25.327655,84.3113265
802210,25.486044,84.6077322
802223,25.3489799,84.5238226
802316,25.6904702,84.629321
802118,25.6209365,84.1000813
802123,25.4469019,84.0266083
802125,25.3464784,84.1313509
802130,25.6255967,84.2796379
802134,25.6502943,84.2984131
802135,25.6382245,84.1144556
846002,25.99988,85.8125745
846005,26.1800907,85.8801713
846009,26.1557352,85.9120535
847115,26.1988342,85.9742383
847123,26.1882781,85.7319889
847233,26.1506019,86.0967706
847239,26.2304881,86.0825423
847405,26.1385132,86.2928294
845416,26.5635,85.2634999
845428,26.5705206,85.0706172
845432,26.3297521,84.994794
845456,26.1995778,85.1815692
804424,25.0443858,84.9274741
823002,24.8598862,85.0528734
824205,24.6828789,84.8041637
824206,24.4355287,84.5214302
841407,26.3316733,84.5967795
841420,26.3534875,84.4949457
841426,26.44764,84.1150116
841440,26.4251136,84.4064525
841501,26.5603276,84.3526722
841505,26.4228513,84.4557755
811313,24.9717712,86.2310714
811315,24.9339709,85.9887724
811316,24.6898061,86.5321004
811317,24.8876471,86.142939
804425,25.1567587,84.8631331
804432,25.1934689,85.1234176
804433,25.092515,84.911699
821105,25.174306,83.4912677
821110,25.2646032,83.6142428
854106,25.5512023,87.5304436
854117,25.4185716,87.7274955
855105,25.6939056,87.7383565
851202,25.4442465,86.7181571
851216,25.4032771,86.2462586
855101,26.252342,87.5584849
852108,26.2960928,86.8105346
852116,25.6073674,86.9844895
852128,26.0413545,86.8066402
847223,26.4260796,85.9039261
847238,25.9982786,86.3296124
811202,25.2461401,86.4840178
813201,25.1188781,86.4770301
843105,26.0046203,85.5637535
843106,26.2737781,85.0414589
843112,25.8299916,84.8550425
843312,26.3232519,85.5847065
843360,26.3089234,85.4014485
844120,25.9817397,85.3880956
803113,25.3727071,85.4769318
803114,25.2364101,85.3408909
803116,25.1421148,85.588304
803213,25.4482408,85.7042368
805101,24.9702197,85.8158445
805106,24.9335916,85.8811875
805141,24.8566663,85.6359938
800009,25.3698745,85.2558589
800013,25.6255704,85.1071204
803212,25.6115476,85.4676137
854202,25.8156074,86.8990657
854315,25.9470752,87.5765061
854325,26.0688686,87.5755195
802211,24.909129,84.093365
821113,24.62874,83.920166
852130,26.0947188,86.5534859
852202,25.8815394,86.5812999
852221,25.862634,86.6473908
848118,22.0,79.0
848122,25.8498872,85.666607
848206,25.862968,85.781026
848211,25.862968,85.781026
848301,25.862968,85.781026
848506,25.862968,85.781026
841101,25.6730835,85.2382965
841201,25.912648,84.551048
841207,25.7442215,85.0023102
841208,25.971666,84.7649131
841214,25.8531644,84.6363015
841216,25.751472,84.89094
841218,25.9121409,84.922569
841247,22.0,79.0
841313,25.8376973,84.5754417
841460,25.929408,84.975253
843117,26.2642075,85.4933459
843323,26.3874837,85.5071399
843333,27.1607376,84.3292012
841203,25.9982978,84.4062137
841210,25.9739156,84.357111
841232,26.3523267,84.5286482
841233,26.0838346,84.4591764
841408,26.1777,84.0821
841416,26.2162,84.5132
841436,26.387266,84.4277943
852109,25.6120078,87.7174844
852123,25.9116903,86.1500664
844112,25.9357251,85.4101661
844114,25.8359174,85.2772928
844115,25.6585549,85.3552344
844118,23.6635783,84.0533023
844119,25.6916389,85.2113333
844121,25.8688196,85.1876313
844125,25.769612,85.2746288
844126,25.7934246,85.435634
844503,25.636298,85.332843
845102,26.4179,82.5154
845107,27.3423591,83.9810399
160002,30.7008891,76.7936812
160030,30.706399,76.7786736
493101,21.6915944,81.7957596
493222,21.6060306,82.7121535
493332,21.634333,82.1390959
493559,21.6080899,82.9189768
497001,23.1083148,83.1622343
497225,23.8761578,83.1461067
494222,19.2871532,82.0995943
491337,21.9261791,81.617014
491888,21.5658728,81.1069182
494450,16.84,75.7099999
495116,22.5317185,82.0796333
495220,22.0337939,82.1211388
495330,22.1291584,81.8951253
495550,22.053266,82.227516
490036,21.3360534,81.4678677
491331,21.4970239,81.3259414
491332,21.5472303,81.5316956
493889,20.6768786,81.9565006
496224,22.9768562,83.6555563
496225,22.7683819,83.9404989
496330,23.117405,83.968753
496331,22.8882135,84.1493431
496334,22.711876,84.105537
496338,22.9555469,84.3508685
491995,22.0186607,81.2043608
494230,19.9856226,81.4640385
495446,22.2502335,82.558554
495674,22.2523255,82.7680016
495684,22.396987,82.7336675
497449,23.1097919,82.3819197
496115,22.3986928,83.5416645
496440,21.7652619,83.4192159
492004,21.2557826,81.6532205
492013,21.2206803,81.6070377
493661,21.0826909,81.7536949
493996,20.8224953,82.1894306
491445,21.1871467,80.7543198
491557,21.1137308,80.6939483
491558,21.0045642,80.7527817
491665,20.7477299,80.7615141
495692,21.7424671,83.1782859
495695,21.9334718,83.1017318
493338,21.6749584,82.6778999
494115,18.6668507,81.8172952
497226,23.15452,82.9750392
497229,23.2368189,82.8900495
497231,23.497621,82.817673
497114,22.74206,83.41157
497220,23.7490822,83.571536
110031,28.6530845,77.2731612
110001,28.62886,77.2184159
110009,28.7030308,77.2052713
110088,28.7093257,77.1626995
110013,28.5887108,77.253169
110047,28.4695358,77.1353873
110068,28.5074287,77.2000497
110022,28.5661776,77.1751525
110038,28.5131037,77.106859
110078,28.6041341,77.0387105
403006,15.4965971,73.8678179
403114,15.5097802,73.8000264
403512,15.642537,73.742483
403529,15.5791671,73.9697812
403406,15.418537,74.0809933
403802,15.396725,73.8151372
380054,23.0457309,72.5291852
380008,22.9970956,72.6080765
380022,23.0036812,72.5890156
380024,23.0331412,72.6184238
380055,22.9943643,72.5295366
380059,23.0517737,72.5017822
382260,22.8078912,72.4471429
382424,23.1132348,72.5919992
382470,23.1133194,72.548903
382480,23.081739,72.5687679
365610,21.5589185,71.1169787
365635,21.2412745,71.2233741
388150,22.4139644,72.798197
388350,22.448,72.9977
388530,22.3615887,72.9005475
383246,23.827379,73.366449
383310,23.3490661,73.2090914
383320,23.5731555,73.258926
383345,23.3618107,73.4663179
383355,23.7237081,73.4049419
385210,24.0240715,72.399555
392011,21.718457,73.0280977
392020,21.7459213,73.0637788
392025,21.904976,72.919056
392130,21.7128592,72.6162477
392220,21.9233894,73.0750549
393115,21.7940741,73.2322083
393120,21.792272,73.293897
364070,21.594686,72.270942
364275,21.6451503,71.6644379
364505,21.512712,71.5827922
364720,22.2504098,71.5451783
389160,22.8409384,74.2365505
361325,21.9237304,69.4922349
382028,23.2479963,72.6593429
382308,23.1194925,72.8678845
382422,23.2113888,72.5764899
382729,23.2931258,72.4388216
382740,23.3210928,72.4969329
382810,23.5034289,72.6457308
362269,20.9876775,70.4110391
360531,21.7988337,69.8722568
361007,22.4796111,70.0974722
361010,22.387361,69.7383883
362002,21.5343575,70.4363685
362020,21.5410872,70.7066023
362205,21.468299,70.3705173
362220,21.2973589,70.2498836
362222,21.422915,70.265923
362225,21.1218471,70.1277534
362226,21.18945,70.073399
362250,21.0333343,70.2428726
362263,21.413277,70.5107015
362565,20.9534723,71.0721363
362630,21.4871569,70.1576241
370240,23.1441267,70.1686001
370445,23.1129318,69.3477772
370455,22.8347254,69.3744236
370475,22.902302,69.146198
370490,23.0729215,69.0231198
370602,23.7740735,68.6609887
370615,23.3259245,69.2619818
370640,23.2004667,68.7582231
387002,22.6985479,72.8591901
387330,22.7577787,72.9880371
387510,22.6752558,72.7361902
387640,22.943742,73.1699883
388215,22.7199036,73.0835822
388230,22.7089731,73.2101017
388245,22.8224206,73.331717
382840,22.9458964,72.8085542
384310,23.7182397,72.4579031
384330,24.0103058,72.7885183
389240,23.3059699,73.7871581
363655,22.8294884,70.5616062
393041,21.5797976,73.6748039
393130,21.6192395,73.422435
396350,20.8562809,72.9900923
396403,20.8830714,72.8617815
396421,20.95,72.9
388710,22.8624237,73.5337842
389220,23.0148954,73.5256232
389340,22.6878755,73.5613329
384225,23.6407613,72.2366551
360550,21.684384,69.743125
360021,22.244594,70.6776375
360030,22.1224148,70.9342075
360450,21.8533543,70.2477984
365480,21.6836756,70.8220782
383010,23.674463,73.038683
383251,23.6873692,73.3826878
394110,21.3863215,72.9685709
394246,20.958029,73.227078
394326,21.2361556,72.9541921
394540,21.3399137,72.7635896
395023,21.1445757,72.8530774
363002,22.7263448,71.6375624
363020,22.6897845,71.6179321
363040,22.7539434,71.5320296
382130,23.301075,71.9508149
394375,21.2742274,73.7996388
394630,20.9720213,73.3061722
394650,21.1089269,73.3951636
390017,22.2941476,73.2179899
391105,21.9866962,73.4545373
391410,22.289287,73.1313768
391450,22.2188141,72.9827117
391520,22.5253367,73.2868151
396051,20.5987582,73.232618
396126,20.3894543,73.1541157
396235,20.2287834,72.9497522
127021,28.7982074,76.1474357
127022,28.5149741,76.2751382
127040,28.8705807,75.9171229
127201,28.5522902,75.895638
127308,28.4886838,75.9910798
127310,28.5348474,76.1729537
121007,28.3905198,77.3230936
121009,28.4929124,77.29475
121013,28.485442,77.3446418
125048,29.4201073,75.5431646
125106,29.660804,75.724639
125037,28.947234,75.8250149
125038,29.1887671,76.2225706
125121,29.3653801,75.9015928
124103,28.6083796,76.6560213
124104,28.5961508,76.7047101
124201,28.6974672,76.5773452
126110,29.3748897,76.4344079
126112,29.430396,76.5788623
126125,29.4485659,76.3258212
136026,29.7640118,76.5603073
136117,29.6614755,76.2755626
132039,29.5237595,76.5800212
136030,29.93617,76.551097
123027,28.3530942,76.2807062
123034,28.258604,76.227683
132108,29.3930972,76.9513535
132140,25.6,25.6
123106,28.2065222,76.7944115
123501,28.0837907,76.5795745
125055,29.5241734,75.026013
125078,29.6711604,75.0789154
131039,29.0318662,77.0605546
131302,29.185086,76.62855
133206,30.2929063,77.2223433
135001,30.1348124,77.2863644
135101,30.1251178,77.3663229
174021,31.4547961,76.7205218
174033,31.3203325,76.8411953
174035,31.3643,76.5791
177001,31.6690345,76.5244342
177020,31.6639927,76.4726017
176036,32.099803,76.269101
176098,31.832285,76.45197
176125,32.0402047,76.6386287
176200,32.2705895,76.1241411
176209,32.1522235,76.2979765
177112,31.876328,76.0769
175125,31.8749039,77.141788
175002,31.56,76.89
175019,31.5436254,76.907906
173001,30.5517381,77.3225516
174101,31.0533156,76.7001787
177220,31.4092583,76.1910311
192102,33.7189169,75.0838327
190018,34.0802714,74.7677893
193504,34.2940707,74.6598201
193122,34.1345327,74.1645626
193301,34.2618794,74.3697446
193303,34.3222831,74.3832166
191111,34.0246925,74.7126273
192121,33.9588363,74.9511579
182147,1.0,1.0
182201,33.1393646,75.6378333
180002,32.7327826,74.8403252
181101,32.7137167,74.829273
181152,32.710377,74.906262
181206,32.7495148,74.7464986
185154,32.7426699,74.846591
194102,34.4320118,75.817805
194105,34.553506,76.135043
184144,32.4577732,75.3699084
184201,32.5323498,75.8184822
184204,32.6540483,75.6174804
193224,34.5187918,74.1306163
194101,34.1812166,77.5056066
192304,33.9470131,74.9268991
185153,33.0526634,74.4973727
182143,33.1214485,75.2912118
182313,33.238368,74.8445031
185203,33.0794217,74.6502936
181145,32.681487,75.00854
184120,32.5633363,75.0193655
190001,34.0820006,74.808255
190017,34.1083242,74.7305752
190019,34.0109916,74.8031416
191202,34.264874,74.9177849
182122,32.8281635,75.3592833
827009,23.6965754,86.167515
828134,23.5374575,86.2987968
828303,23.6243201,86.4216996
829123,23.7232765,85.8733381
814112,24.4893171,86.6922481
815351,23.9648225,86.83743
815357,24.1099905,86.8040651
828106,23.7873587,86.4224079
828125,23.8022915,86.2585405
828130,23.8139585,86.4165847
828302,23.6850627,86.3992253
814102,24.5567184,87.2434102
814110,24.2709754,87.163187
814120,24.4039528,86.8574559
814148,24.0551706,87.4067662
814167,24.1762791,87.1941633
816118,24.151747,87.5066886
831001,22.8095102,86.1684819
831004,22.7733035,86.2551919
832303,22.587728,86.4767404
822120,24.4030882,83.813428
822121,24.247129,83.4542803
822124,24.1858604,83.9277807
815316,24.2196585,86.2339201
815318,24.3497906,86.2319661
825106,23.9739669,85.9952028
825329,23.9295284,86.1548269
814154,25.0480269,87.2908402
814156,24.7659056,87.3938366
814160,25.1567611,87.3529102
835206,23.1350208,84.2426538
835229,23.5674449,86.0239984
825311,23.8328588,85.1883678
825321,23.8370135,85.0063929
825405,24.2843475,85.4122331
825409,24.4259818,85.5316882
829129,23.742,85.7974
815354,23.8591861,86.8780399
835209,23.1296613,85.1203261
835225,23.1680318,85.608518
822111,23.8787267,84.147033
829204,23.671951,84.233696
829207,23.7438169,84.504325
816104,24.7068436,87.6699698
816117,24.3484469,87.6083168
822113,24.3449081,84.1622081
822116,24.5536813,84.0250392
822118,24.0565552,84.2410234
822125,23.9797022,83.7144553
825314,23.7899789,85.5558717
829101,23.66965,85.4653
829102,23.6187565,85.4517696
829103,23.6361284,85.5131531
829126,23.675033,85.34571
834004,23.3128252,85.2805009
835103,23.3718852,85.4647874
835217,23.4197427,85.4065986
835301,23.341167,84.807253
813208,25.132016,87.4611599
816101,24.8553427,87.7689037
816120,25.031152,87.5932747
833219,22.7044666,85.9367175
833220,22.790882,86.026096
832403,22.702335,85.927899
835211,22.6397873,84.7794423
835223,22.6219344,84.5096227
835226,22.4637482,84.4270075
833215,22.3986097,85.7450164
587120,16.1028536,75.8638013
587122,16.1619265,75.3678517
587203,16.048367,75.779433
587205,16.073799,75.6459409
587206,15.9550199,75.5718172
587207,16.2947528,75.9395603
587314,16.4770396,75.1124483
587116,16.3474191,75.6239482
587125,15.9645572,76.1160602
583113,15.3974676,76.7088414
583122,15.535512,76.8796919
583222,15.1585469,76.3656762
560011,12.9299782,77.5861076
560013,13.048659,77.5512903
560023,12.9726331,77.5580833
560065,13.0853495,77.5788275
560082,12.8243154,77.4597215
560088,13.1273223,77.5132222
560089,13.1735328,77.5046177
560090,13.0930058,77.5160466
562120,12.9301552,77.1930297
561203,13.3447023,77.509337
562122,13.1949096,77.9094976
562129,13.1813298,77.7970943
590001,15.8711416,74.522448
590006,15.8806184,74.4812393
591103,15.8864089,74.6628803
591112,15.638677,74.735845
591122,16.0983767,74.6927675
591124,15.8677875,74.6004176
591130,16.1045096,75.242851
591220,16.5013664,74.9453342
591227,15.8537336,75.1201998
591235,16.4317485,75.0118569
591236,16.2911489,74.5498664
591242,16.6157235,74.7150628
591102,15.8244392,74.7993524
591111,15.8181335,74.9305287
591118,15.720949,74.696721
591119,15.8919345,74.9258526
591129,15.9797309,75.0021648
591131,15.694131,74.61476
591136,16.2427959,75.1810043
591153,15.67,74.7099999
591213,16.540382,74.6730692
591344,16.1153337,74.8548182
583119,15.0241873,76.4949092
583223,15.2247259,76.5931476
583224,15.1524425,76.1506649
560021,12.9930584,77.5639483
560033,12.99611,77.6480797
585401,17.9145072,77.5158103
585416,18.0148381,77.0072587
586102,16.8032974,75.7338875
586111,17.3351129,76.0570192
586208,16.5424604,76.1254752
586217,17.1321103,76.0201501
586245,22.0,79.0
571127,11.8595569,76.9573348
571342,11.9327365,77.0071173
571439,12.0925528,77.3019663
571457,11.9595411,77.0085775
571117,11.9723435,77.0301584
577124,13.2103099,75.355377
